{
  "IcoMoonType": "selection",
  "icons": [
    {
      "icon": {
        "paths": [
          "M150.016 873.984c-96.436-93.233-156.308-223.762-156.308-368.276 0-282.77 229.23-512 512-512 144.514 0 275.043 59.872 368.137 156.164l0.138 0.144c88.925 91.979 143.724 217.436 143.724 355.692 0 282.77-229.23 512-512 512-138.256 0-263.713-54.799-355.836-143.863l0.144 0.138zM801.792 801.792c74.164-74.164 120.036-176.621 120.036-289.792 0-226.342-183.486-409.828-409.828-409.828-113.171 0-215.628 45.872-289.792 120.036v0c-74.164 74.164-120.036 176.621-120.036 289.792 0 226.342 183.486 409.828 409.828 409.828 113.171 0 215.628-45.872 289.792-120.036v0zM343.040 475.648l117.76 118.272 220.16-220.16 71.68 72.704-291.84 290.816-189.44-189.44 71.68-72.704z"
        ],
        "attrs": [
          {}
        ],
        "isMulticolor": false,
        "isMulticolor2": false,
        "tags": [
          "checkmark-outline"
        ],
        "grid": 20
      },
      "attrs": [
        {}
      ],
      "properties": {
        "order": 1,
        "id": 0,
        "name": "checkmark-outline",
        "prevSize": 20,
        "code": 59648
      },
      "setIdx": 0,
      "setId": 10,
      "iconIdx": 0
    },
    {
      "icon": {
        "paths": [
          "M817.57 348.15c-193.566-143.858-260.266-259.018-305.566-348.148v0c-0.004 0-0.004-0.002-0.004-0.002v0.002c-45.296 89.13-112 204.292-305.566 348.148-330.036 245.286-19.376 587.668 253.758 399.224-17.796 116.93-78.53 202.172-140.208 238.882v37.744h384.032v-37.74c-61.682-36.708-122.41-121.954-140.212-238.884 273.136 188.446 583.8-153.94 253.766-399.226z"
        ],
        "attrs": [],
        "isMulticolor": false,
        "isMulticolor2": false,
        "tags": [
          "spades",
          "cards",
          "poker"
        ],
        "defaultCode": 59671,
        "grid": 16
      },
      "attrs": [],
      "properties": {
        "ligatures": "spades, cards",
        "name": "spades",
        "order": 3,
        "id": 0,
        "prevSize": 32,
        "code": 59671
      },
      "setIdx": 1,
      "setId": 9,
      "iconIdx": 0
    },
    {
      "icon": {
        "paths": [
          "M786.832 392.772c-59.032 0-112.086 24.596-149.852 64.694-15.996 16.984-43.762 37.112-73.8 54.81 14.11-53.868 58.676-121.7 89.628-151.456 39.64-38.17 63.984-91.83 63.984-151.5 0.006-114.894-91.476-208.096-204.788-209.32-113.32 1.222-204.796 94.426-204.796 209.318 0 59.672 24.344 113.33 63.986 151.5 30.954 29.756 75.52 97.588 89.628 151.456-30.042-17.7-57.806-37.826-73.8-54.81-37.768-40.098-90.82-64.694-149.85-64.694-114.386 0-207.080 93.664-207.080 209.328 0 115.638 92.692 209.338 207.080 209.338 59.042 0 112.082-25.356 149.85-65.452 16.804-17.872 46.444-40.138 78.292-58.632-3.002 147.692-73.532 256.168-145.318 298.906v37.742h384.014v-37.74c-71.792-42.736-142.32-151.216-145.32-298.906 31.852 18.494 61.488 40.768 78.292 58.632 37.766 40.094 90.808 65.452 149.852 65.452 114.386 0 207.078-93.7 207.078-209.338-0.002-115.664-92.692-209.328-207.080-209.328z"
        ],
        "attrs": [],
        "isMulticolor": false,
        "isMulticolor2": false,
        "tags": [
          "clubs",
          "cards",
          "poker"
        ],
        "defaultCode": 59672,
        "grid": 16
      },
      "attrs": [],
      "properties": {
        "ligatures": "clubs, cards2",
        "name": "clubs",
        "order": 2,
        "id": 1,
        "prevSize": 32,
        "code": 59672
      },
      "setIdx": 1,
      "setId": 9,
      "iconIdx": 1
    },
    {
      "icon": {
        "paths": [
          "M512 0l-320 512 320 512 320-512z"
        ],
        "attrs": [],
        "isMulticolor": false,
        "isMulticolor2": false,
        "tags": [
          "diamonds",
          "cards",
          "poker"
        ],
        "defaultCode": 59673,
        "grid": 16
      },
      "attrs": [],
      "properties": {
        "ligatures": "diamonds, cards3",
        "name": "diamonds",
        "order": 6,
        "id": 2,
        "prevSize": 32,
        "code": 59673
      },
      "setIdx": 1,
      "setId": 9,
      "iconIdx": 2
    },
    {
      "icon": {
        "paths": [
          "M755.188 64c-107.63 0-200.258 87.554-243.164 179-42.938-91.444-135.578-179-243.216-179-148.382 0-268.808 120.44-268.808 268.832 0 301.846 304.5 380.994 512.022 679.418 196.154-296.576 511.978-387.206 511.978-679.418 0-148.392-120.43-268.832-268.812-268.832z"
        ],
        "attrs": [],
        "isMulticolor": false,
        "isMulticolor2": false,
        "tags": [
          "heart",
          "like",
          "love",
          "favorite"
        ],
        "defaultCode": 59866,
        "grid": 16
      },
      "attrs": [],
      "properties": {
        "ligatures": "heart, like",
        "name": "heart",
        "order": 5,
        "id": 3,
        "prevSize": 32,
        "code": 59866
      },
      "setIdx": 1,
      "setId": 9,
      "iconIdx": 3
    },
    {
      "icon": {
        "paths": [
          "M512 0c-282.77 0-512 229.23-512 512s229.23 512 512 512 512-229.23 512-512-229.23-512-512-512zM512 928c-229.75 0-416-186.25-416-416s186.25-416 416-416 416 186.25 416 416-186.25 416-416 416z",
          "M672 256l-160 160-160-160-96 96 160 160-160 160 96 96 160-160 160 160 96-96-160-160 160-160z"
        ],
        "attrs": [],
        "isMulticolor": false,
        "isMulticolor2": false,
        "tags": [
          "cancel-circle",
          "close",
          "remove",
          "delete"
        ],
        "defaultCode": 59917,
        "grid": 16
      },
      "attrs": [],
      "properties": {
        "ligatures": "cancel-circle, close",
        "name": "cancel-circle",
        "order": 9,
        "id": 4,
        "prevSize": 32,
        "code": 59917
      },
      "setIdx": 1,
      "setId": 9,
      "iconIdx": 4
    },
    {
      "icon": {
        "paths": [
          "M896 0h-768c-70.4 0-128 57.6-128 128v768c0 70.4 57.6 128 128 128h768c70.4 0 128-57.6 128-128v-768c0-70.4-57.6-128-128-128zM448 794.51l-237.254-237.256 90.51-90.508 146.744 146.744 306.746-306.746 90.508 90.51-397.254 397.256z"
        ],
        "attrs": [],
        "isMulticolor": false,
        "isMulticolor2": false,
        "tags": [
          "checkbox-checked",
          "checkbox",
          "tick",
          "checked",
          "selected"
        ],
        "defaultCode": 59986,
        "grid": 16
      },
      "attrs": [],
      "properties": {
        "ligatures": "checkbox-checked, checkbox",
        "name": "checkbox-checked",
        "order": 8,
        "id": 5,
        "prevSize": 32,
        "code": 59986
      },
      "setIdx": 1,
      "setId": 9,
      "iconIdx": 5
    },
    {
      "icon": {
        "paths": [
          "M402.286 717.714v137.143c0 12.571-10.286 22.857-22.857 22.857h-137.143c-12.571 0-22.857-10.286-22.857-22.857v-137.143c0-12.571 10.286-22.857 22.857-22.857h137.143c12.571 0 22.857 10.286 22.857 22.857zM582.857 374.857c0 108.571-73.714 150.286-128 180.571-33.714 19.429-54.857 58.857-54.857 75.429v0c0 12.571-9.714 27.429-22.857 27.429h-137.143c-12.571 0-20.571-19.429-20.571-32v-25.714c0-69.143 68.571-128.571 118.857-151.429 44-20 62.286-38.857 62.286-75.429 0-32-41.714-60.571-88-60.571-25.714 0-49.143 8-61.714 16.571-13.714 9.714-27.429 23.429-61.143 65.714-4.571 5.714-11.429 9.143-17.714 9.143-5.143 0-9.714-1.714-14.286-4.571l-93.714-71.429c-9.714-7.429-12-20-5.714-30.286 61.714-102.286 148.571-152 265.143-152 122.286 0 259.429 97.714 259.429 228.571z"
        ],
        "width": 634.88,
        "attrs": [],
        "isMulticolor": false,
        "isMulticolor2": false,
        "tags": [
          "question"
        ],
        "defaultCode": 61736,
        "grid": 14
      },
      "attrs": [],
      "properties": {
        "name": "question",
        "id": 0,
        "order": 47,
        "prevSize": 28,
        "code": 61736
      },
      "setIdx": 2,
      "setId": 8,
      "iconIdx": 0
    },
    {
      "icon": {
        "paths": [
          "M950.857 369.714c0 10.286-7.429 20-14.857 27.429l-207.429 202.286 49.143 285.714c0.571 4 0.571 7.429 0.571 11.429 0 14.857-6.857 28.571-23.429 28.571-8 0-16-2.857-22.857-6.857l-256.571-134.857-256.571 134.857c-7.429 4-14.857 6.857-22.857 6.857-16.571 0-24-13.714-24-28.571 0-4 0.571-7.429 1.143-11.429l49.143-285.714-208-202.286c-6.857-7.429-14.286-17.143-14.286-27.429 0-17.143 17.714-24 32-26.286l286.857-41.714 128.571-260c5.143-10.857 14.857-23.429 28-23.429s22.857 12.571 28 23.429l128.571 260 286.857 41.714c13.714 2.286 32 9.143 32 26.286z"
        ],
        "width": 950.8571428571428,
        "attrs": [],
        "isMulticolor": false,
        "isMulticolor2": false,
        "tags": [
          "star"
        ],
        "defaultCode": 61445,
        "grid": 14
      },
      "attrs": [],
      "properties": {
        "name": "star",
        "id": 1,
        "order": 20,
        "prevSize": 28,
        "code": 61445
      },
      "setIdx": 2,
      "setId": 8,
      "iconIdx": 1
    },
    {
      "icon": {
        "paths": [
          "M649.714 573.714l174.857-169.714-241.143-35.429-108-218.286-108 218.286-241.143 35.429 174.857 169.714-41.714 240.571 216-113.714 215.429 113.714zM950.857 369.714c0 10.286-7.429 20-14.857 27.429l-207.429 202.286 49.143 285.714c0.571 4 0.571 7.429 0.571 11.429 0 15.429-6.857 28.571-23.429 28.571-8 0-16-2.857-22.857-6.857l-256.571-134.857-256.571 134.857c-7.429 4-14.857 6.857-22.857 6.857-16.571 0-24-13.714-24-28.571 0-4 0.571-7.429 1.143-11.429l49.143-285.714-208-202.286c-6.857-7.429-14.286-17.143-14.286-27.429 0-17.143 17.714-24 32-26.286l286.857-41.714 128.571-260c5.143-10.857 14.857-23.429 28-23.429s22.857 12.571 28 23.429l128.571 260 286.857 41.714c13.714 2.286 32 9.143 32 26.286z"
        ],
        "width": 950.8571428571428,
        "attrs": [],
        "isMulticolor": false,
        "isMulticolor2": false,
        "tags": [
          "star-o"
        ],
        "defaultCode": 61446,
        "grid": 14
      },
      "attrs": [],
      "properties": {
        "name": "star-o",
        "id": 2,
        "order": 19,
        "prevSize": 28,
        "code": 61446
      },
      "setIdx": 2,
      "setId": 8,
      "iconIdx": 2
    },
    {
      "icon": {
        "paths": [
          "M954.857 323.429c0 14.286-5.714 28.571-16 38.857l-491.429 491.429c-10.286 10.286-24.571 16-38.857 16s-28.571-5.714-38.857-16l-284.571-284.571c-10.286-10.286-16-24.571-16-38.857s5.714-28.571 16-38.857l77.714-77.714c10.286-10.286 24.571-16 38.857-16s28.571 5.714 38.857 16l168 168.571 374.857-375.429c10.286-10.286 24.571-16 38.857-16s28.571 5.714 38.857 16l77.714 77.714c10.286 10.286 16 24.571 16 38.857z"
        ],
        "width": 1024,
        "attrs": [],
        "isMulticolor": false,
        "isMulticolor2": false,
        "tags": [
          "check"
        ],
        "defaultCode": 61452,
        "grid": 14
      },
      "attrs": [],
      "properties": {
        "name": "check",
        "id": 3,
        "order": 21,
        "prevSize": 28,
        "code": 61452
      },
      "setIdx": 2,
      "setId": 8,
      "iconIdx": 3
    },
    {
      "icon": {
        "paths": [
          "M741.714 755.429c0 14.286-5.714 28.571-16 38.857l-77.714 77.714c-10.286 10.286-24.571 16-38.857 16s-28.571-5.714-38.857-16l-168-168-168 168c-10.286 10.286-24.571 16-38.857 16s-28.571-5.714-38.857-16l-77.714-77.714c-10.286-10.286-16-24.571-16-38.857s5.714-28.571 16-38.857l168-168-168-168c-10.286-10.286-16-24.571-16-38.857s5.714-28.571 16-38.857l77.714-77.714c10.286-10.286 24.571-16 38.857-16s28.571 5.714 38.857 16l168 168 168-168c10.286-10.286 24.571-16 38.857-16s28.571 5.714 38.857 16l77.714 77.714c10.286 10.286 16 24.571 16 38.857s-5.714 28.571-16 38.857l-168 168 168 168c10.286 10.286 16 24.571 16 38.857z"
        ],
        "width": 804.5714285714286,
        "attrs": [],
        "isMulticolor": false,
        "isMulticolor2": false,
        "tags": [
          "close",
          "remove",
          "times"
        ],
        "defaultCode": 61453,
        "grid": 14
      },
      "attrs": [],
      "properties": {
        "name": "close, remove, times",
        "id": 4,
        "order": 22,
        "prevSize": 28,
        "code": 61453
      },
      "setIdx": 2,
      "setId": 8,
      "iconIdx": 4
    },
    {
      "icon": {
        "paths": [
          "M585.143 512c0-80.571-65.714-146.286-146.286-146.286s-146.286 65.714-146.286 146.286 65.714 146.286 146.286 146.286 146.286-65.714 146.286-146.286zM877.714 449.714v126.857c0 8.571-6.857 18.857-16 20.571l-105.714 16c-6.286 18.286-13.143 35.429-22.286 52 19.429 28 40 53.143 61.143 78.857 3.429 4 5.714 9.143 5.714 14.286s-1.714 9.143-5.143 13.143c-13.714 18.286-90.857 102.286-110.286 102.286-5.143 0-10.286-2.286-14.857-5.143l-78.857-61.714c-16.571 8.571-34.286 16-52 21.714-4 34.857-7.429 72-16.571 106.286-2.286 9.143-10.286 16-20.571 16h-126.857c-10.286 0-19.429-7.429-20.571-17.143l-16-105.143c-17.714-5.714-34.857-12.571-51.429-21.143l-80.571 61.143c-4 3.429-9.143 5.143-14.286 5.143s-10.286-2.286-14.286-6.286c-30.286-27.429-70.286-62.857-94.286-96-2.857-4-4-8.571-4-13.143 0-5.143 1.714-9.143 4.571-13.143 19.429-26.286 40.571-51.429 60-78.286-9.714-18.286-17.714-37.143-23.429-56.571l-104.571-15.429c-9.714-1.714-16.571-10.857-16.571-20.571v-126.857c0-8.571 6.857-18.857 15.429-20.571l106.286-16c5.714-18.286 13.143-35.429 22.286-52.571-19.429-27.429-40-53.143-61.143-78.857-3.429-4-5.714-8.571-5.714-13.714s2.286-9.143 5.143-13.143c13.714-18.857 90.857-102.286 110.286-102.286 5.143 0 10.286 2.286 14.857 5.714l78.857 61.143c16.571-8.571 34.286-16 52-21.714 4-34.857 7.429-72 16.571-106.286 2.286-9.143 10.286-16 20.571-16h126.857c10.286 0 19.429 7.429 20.571 17.143l16 105.143c17.714 5.714 34.857 12.571 51.429 21.143l81.143-61.143c3.429-3.429 8.571-5.143 13.714-5.143s10.286 2.286 14.286 5.714c30.286 28 70.286 63.429 94.286 97.143 2.857 3.429 4 8 4 12.571 0 5.143-1.714 9.143-4.571 13.143-19.429 26.286-40.571 51.429-60 78.286 9.714 18.286 17.714 37.143 23.429 56l104.571 16c9.714 1.714 16.571 10.857 16.571 20.571z"
        ],
        "width": 877.7142857142857,
        "attrs": [],
        "isMulticolor": false,
        "isMulticolor2": false,
        "tags": [
          "cog",
          "gear"
        ],
        "defaultCode": 61459,
        "grid": 14
      },
      "attrs": [],
      "properties": {
        "name": "cog, gear",
        "id": 5,
        "order": 32,
        "prevSize": 28,
        "code": 61459
      },
      "setIdx": 2,
      "setId": 8,
      "iconIdx": 5
    },
    {
      "icon": {
        "paths": [
          "M292.571 420.571v329.143c0 10.286-8 18.286-18.286 18.286h-36.571c-10.286 0-18.286-8-18.286-18.286v-329.143c0-10.286 8-18.286 18.286-18.286h36.571c10.286 0 18.286 8 18.286 18.286zM438.857 420.571v329.143c0 10.286-8 18.286-18.286 18.286h-36.571c-10.286 0-18.286-8-18.286-18.286v-329.143c0-10.286 8-18.286 18.286-18.286h36.571c10.286 0 18.286 8 18.286 18.286zM585.143 420.571v329.143c0 10.286-8 18.286-18.286 18.286h-36.571c-10.286 0-18.286-8-18.286-18.286v-329.143c0-10.286 8-18.286 18.286-18.286h36.571c10.286 0 18.286 8 18.286 18.286zM658.286 834.286v-541.714h-512v541.714c0 27.429 15.429 43.429 18.286 43.429h475.429c2.857 0 18.286-16 18.286-43.429zM274.286 219.429h256l-27.429-66.857c-1.714-2.286-6.857-5.714-9.714-6.286h-181.143c-3.429 0.571-8 4-9.714 6.286zM804.571 237.714v36.571c0 10.286-8 18.286-18.286 18.286h-54.857v541.714c0 62.857-41.143 116.571-91.429 116.571h-475.429c-50.286 0-91.429-51.429-91.429-114.286v-544h-54.857c-10.286 0-18.286-8-18.286-18.286v-36.571c0-10.286 8-18.286 18.286-18.286h176.571l40-95.429c11.429-28 45.714-50.857 76-50.857h182.857c30.286 0 64.571 22.857 76 50.857l40 95.429h176.571c10.286 0 18.286 8 18.286 18.286z"
        ],
        "width": 804.5714285714286,
        "attrs": [],
        "isMulticolor": false,
        "isMulticolor2": false,
        "tags": [
          "trash-o"
        ],
        "defaultCode": 61460,
        "grid": 14
      },
      "attrs": [],
      "properties": {
        "name": "trash-o",
        "id": 6,
        "order": 18,
        "prevSize": 28,
        "code": 61460
      },
      "setIdx": 2,
      "setId": 8,
      "iconIdx": 6
    },
    {
      "icon": {
        "paths": [
          "M182.857 146.286c0 26.286-14.286 49.714-36.571 62.857v723.429c0 9.714-8.571 18.286-18.286 18.286h-36.571c-9.714 0-18.286-8.571-18.286-18.286v-723.429c-22.286-13.143-36.571-36.571-36.571-62.857 0-40.571 32.571-73.143 73.143-73.143s73.143 32.571 73.143 73.143zM1024 182.857v436c0 21.143-13.143 29.143-29.714 37.714-64.571 34.857-136 66.286-210.857 66.286-105.143 0-155.429-80-280-80-90.857 0-186.286 41.143-265.143 83.429-6.286 3.429-12 5.143-18.857 5.143-20 0-36.571-16.571-36.571-36.571v-424c0-13.714 6.857-23.429 17.714-31.429 13.714-9.143 30.286-17.143 45.143-24.571 72-36.571 159.429-68.571 240.571-68.571 89.714 0 160 29.714 239.429 66.857 16 8 32.571 10.857 50.286 10.857 89.714 0 186.286-77.714 211.429-77.714 20 0 36.571 16.571 36.571 36.571z"
        ],
        "width": 1060.5714285714284,
        "attrs": [],
        "isMulticolor": false,
        "isMulticolor2": false,
        "tags": [
          "flag"
        ],
        "defaultCode": 61476,
        "grid": 14
      },
      "attrs": [],
      "properties": {
        "name": "flag",
        "id": 7,
        "order": 33,
        "prevSize": 28,
        "code": 61476
      },
      "setIdx": 2,
      "setId": 8,
      "iconIdx": 7
    },
    {
      "icon": {
        "paths": [
          "M665.143 73.143c8.571 0 17.143 1.714 25.143 5.143 25.143 9.714 41.143 33.143 41.143 58.857v736.571c0 25.714-16 49.143-41.143 58.857-8 3.429-16.571 4.571-25.143 4.571-17.714 0-34.286-6.286-47.429-18.286l-252-242.286-252 242.286c-13.143 12-29.714 18.857-47.429 18.857-8.571 0-17.143-1.714-25.143-5.143-25.143-9.714-41.143-33.143-41.143-58.857v-736.571c0-25.714 16-49.143 41.143-58.857 8-3.429 16.571-5.143 25.143-5.143h598.857z"
        ],
        "width": 731.4285714285713,
        "attrs": [],
        "isMulticolor": false,
        "isMulticolor2": false,
        "tags": [
          "bookmark"
        ],
        "defaultCode": 61486,
        "grid": 14
      },
      "attrs": [],
      "properties": {
        "name": "bookmark",
        "id": 8,
        "order": 34,
        "prevSize": 28,
        "code": 61486
      },
      "setIdx": 2,
      "setId": 8,
      "iconIdx": 8
    },
    {
      "icon": {
        "paths": [
          "M804.571 531.429v181.714c0 90.857-73.714 164.571-164.571 164.571h-475.429c-90.857 0-164.571-73.714-164.571-164.571v-475.429c0-90.857 73.714-164.571 164.571-164.571h475.429c22.857 0 45.714 4.571 66.857 14.286 5.143 2.286 9.143 7.429 10.286 13.143 1.143 6.286-0.571 12-5.143 16.571l-28 28c-3.429 3.429-8.571 5.714-13.143 5.714-1.714 0-3.429-0.571-5.143-1.143-8.571-2.286-17.143-3.429-25.714-3.429h-475.429c-50.286 0-91.429 41.143-91.429 91.429v475.429c0 50.286 41.143 91.429 91.429 91.429h475.429c50.286 0 91.429-41.143 91.429-91.429v-145.143c0-4.571 1.714-9.143 5.143-12.571l36.571-36.571c4-4 8.571-5.714 13.143-5.714 2.286 0 4.571 0.571 6.857 1.714 6.857 2.857 11.429 9.143 11.429 16.571zM936.571 252l-465.143 465.143c-18.286 18.286-46.857 18.286-65.143 0l-245.714-245.714c-18.286-18.286-18.286-46.857 0-65.143l62.857-62.857c18.286-18.286 46.857-18.286 65.143 0l150.286 150.286 369.714-369.714c18.286-18.286 46.857-18.286 65.143 0l62.857 62.857c18.286 18.286 18.286 46.857 0 65.143z"
        ],
        "width": 954.8799999999999,
        "attrs": [],
        "isMulticolor": false,
        "isMulticolor2": false,
        "tags": [
          "check-square-o"
        ],
        "defaultCode": 61510,
        "grid": 14
      },
      "attrs": [],
      "properties": {
        "name": "check-square-o",
        "id": 9,
        "order": 46,
        "prevSize": 28,
        "code": 61510
      },
      "setIdx": 2,
      "setId": 8,
      "iconIdx": 9
    },
    {
      "icon": {
        "paths": [
          "M656.571 641.143c0-9.714-4-18.857-10.857-25.714l-103.429-103.429 103.429-103.429c6.857-6.857 10.857-16 10.857-25.714s-4-19.429-10.857-26.286l-51.429-51.429c-6.857-6.857-16.571-10.857-26.286-10.857s-18.857 4-25.714 10.857l-103.429 103.429-103.429-103.429c-6.857-6.857-16-10.857-25.714-10.857s-19.429 4-26.286 10.857l-51.429 51.429c-6.857 6.857-10.857 16.571-10.857 26.286s4 18.857 10.857 25.714l103.429 103.429-103.429 103.429c-6.857 6.857-10.857 16-10.857 25.714s4 19.429 10.857 26.286l51.429 51.429c6.857 6.857 16.571 10.857 26.286 10.857s18.857-4 25.714-10.857l103.429-103.429 103.429 103.429c6.857 6.857 16 10.857 25.714 10.857s19.429-4 26.286-10.857l51.429-51.429c6.857-6.857 10.857-16.571 10.857-26.286zM877.714 512c0 242.286-196.571 438.857-438.857 438.857s-438.857-196.571-438.857-438.857 196.571-438.857 438.857-438.857 438.857 196.571 438.857 438.857z"
        ],
        "width": 877.7142857142857,
        "attrs": [],
        "isMulticolor": false,
        "isMulticolor2": false,
        "tags": [
          "times-circle"
        ],
        "defaultCode": 61527,
        "grid": 14
      },
      "attrs": [],
      "properties": {
        "name": "times-circle",
        "id": 10,
        "order": 16,
        "prevSize": 28,
        "code": 61527
      },
      "setIdx": 2,
      "setId": 8,
      "iconIdx": 10
    },
    {
      "icon": {
        "paths": [
          "M733.714 419.429c0-9.714-3.429-19.429-10.286-26.286l-52-51.429c-6.857-6.857-16-10.857-25.714-10.857s-18.857 4-25.714 10.857l-233.143 232.571-129.143-129.143c-6.857-6.857-16-10.857-25.714-10.857s-18.857 4-25.714 10.857l-52 51.429c-6.857 6.857-10.286 16.571-10.286 26.286s3.429 18.857 10.286 25.714l206.857 206.857c6.857 6.857 16.571 10.857 25.714 10.857 9.714 0 19.429-4 26.286-10.857l310.286-310.286c6.857-6.857 10.286-16 10.286-25.714zM877.714 512c0 242.286-196.571 438.857-438.857 438.857s-438.857-196.571-438.857-438.857 196.571-438.857 438.857-438.857 438.857 196.571 438.857 438.857z"
        ],
        "width": 877.7142857142857,
        "attrs": [],
        "isMulticolor": false,
        "isMulticolor2": false,
        "tags": [
          "check-circle"
        ],
        "defaultCode": 61528,
        "grid": 14
      },
      "attrs": [],
      "properties": {
        "name": "check-circle",
        "id": 11,
        "order": 10,
        "prevSize": 28,
        "code": 61528
      },
      "setIdx": 2,
      "setId": 8,
      "iconIdx": 11
    },
    {
      "icon": {
        "paths": [
          "M626.857 616.571l-83.429 83.429c-7.429 7.429-18.857 7.429-26.286 0l-78.286-78.286-78.286 78.286c-7.429 7.429-18.857 7.429-26.286 0l-83.429-83.429c-7.429-7.429-7.429-18.857 0-26.286l78.286-78.286-78.286-78.286c-7.429-7.429-7.429-18.857 0-26.286l83.429-83.429c7.429-7.429 18.857-7.429 26.286 0l78.286 78.286 78.286-78.286c7.429-7.429 18.857-7.429 26.286 0l83.429 83.429c7.429 7.429 7.429 18.857 0 26.286l-78.286 78.286 78.286 78.286c7.429 7.429 7.429 18.857 0 26.286zM749.714 512c0-171.429-139.429-310.857-310.857-310.857s-310.857 139.429-310.857 310.857 139.429 310.857 310.857 310.857 310.857-139.429 310.857-310.857zM877.714 512c0 242.286-196.571 438.857-438.857 438.857s-438.857-196.571-438.857-438.857 196.571-438.857 438.857-438.857 438.857 196.571 438.857 438.857z"
        ],
        "width": 877.7142857142857,
        "attrs": [],
        "isMulticolor": false,
        "isMulticolor2": false,
        "tags": [
          "times-circle-o"
        ],
        "defaultCode": 61532,
        "grid": 14
      },
      "attrs": [],
      "properties": {
        "name": "times-circle-o",
        "id": 12,
        "order": 17,
        "prevSize": 28,
        "code": 61532
      },
      "setIdx": 2,
      "setId": 8,
      "iconIdx": 12
    },
    {
      "icon": {
        "paths": [
          "M669.143 464.571l-241.143 241.143c-14.286 14.286-37.143 14.286-51.429 0l-168-168c-14.286-14.286-14.286-37.143 0-51.429l58.286-58.286c14.286-14.286 37.143-14.286 51.429 0l84 84 157.143-157.143c14.286-14.286 37.143-14.286 51.429 0l58.286 58.286c14.286 14.286 14.286 37.143 0 51.429zM749.714 512c0-171.429-139.429-310.857-310.857-310.857s-310.857 139.429-310.857 310.857 139.429 310.857 310.857 310.857 310.857-139.429 310.857-310.857zM877.714 512c0 242.286-196.571 438.857-438.857 438.857s-438.857-196.571-438.857-438.857 196.571-438.857 438.857-438.857 438.857 196.571 438.857 438.857z"
        ],
        "width": 877.7142857142857,
        "attrs": [],
        "isMulticolor": false,
        "isMulticolor2": false,
        "tags": [
          "check-circle-o"
        ],
        "defaultCode": 61533,
        "grid": 14
      },
      "attrs": [],
      "properties": {
        "name": "check-circle-o",
        "id": 13,
        "order": 11,
        "prevSize": 28,
        "code": 61533
      },
      "setIdx": 2,
      "setId": 8,
      "iconIdx": 13
    },
    {
      "icon": {
        "paths": [
          "M530.286 774.857v-409.143h-182.857v409.143c0 20 16.571 29.714 36.571 29.714h109.714c20 0 36.571-9.714 36.571-29.714zM269.714 292.571h111.429l-72-92c-6.286-7.429-20-17.714-39.429-17.714-30.286 0-54.857 24.571-54.857 54.857s24.571 54.857 54.857 54.857zM662.857 237.714c0-30.286-24.571-54.857-54.857-54.857-19.429 0-33.143 10.286-39.429 17.714l-71.429 92h110.857c30.286 0 54.857-24.571 54.857-54.857zM877.714 384v182.857c0 10.286-8 18.286-18.286 18.286h-54.857v237.714c0 30.286-24.571 54.857-54.857 54.857h-621.714c-30.286 0-54.857-24.571-54.857-54.857v-237.714h-54.857c-10.286 0-18.286-8-18.286-18.286v-182.857c0-10.286 8-18.286 18.286-18.286h251.429c-70.857 0-128-57.143-128-128s57.143-128 128-128c38.286 0 73.714 16 96 44l73.143 94.286 73.143-94.286c22.286-28 57.714-44 96-44 70.857 0 128 57.143 128 128s-57.143 128-128 128h251.429c10.286 0 18.286 8 18.286 18.286z"
        ],
        "width": 877.7142857142857,
        "attrs": [],
        "isMulticolor": false,
        "isMulticolor2": false,
        "tags": [
          "gift"
        ],
        "defaultCode": 61547,
        "grid": 14
      },
      "attrs": [],
      "properties": {
        "name": "gift",
        "id": 14,
        "order": 35,
        "prevSize": 28,
        "code": 61547
      },
      "setIdx": 2,
      "setId": 8,
      "iconIdx": 14
    },
    {
      "icon": {
        "paths": [
          "M365.714 512v292.571h-146.286v-292.571h146.286zM585.143 219.429v585.143h-146.286v-585.143h146.286zM1170.286 877.714v73.143h-1170.286v-877.714h73.143v804.571h1097.143zM804.571 365.714v438.857h-146.286v-438.857h146.286zM1024 146.286v658.286h-146.286v-658.286h146.286z"
        ],
        "width": 1170.2857142857142,
        "attrs": [],
        "isMulticolor": false,
        "isMulticolor2": false,
        "tags": [
          "bar-chart",
          "bar-chart-o"
        ],
        "defaultCode": 61568,
        "grid": 14
      },
      "attrs": [],
      "properties": {
        "name": "bar-chart, bar-chart-o",
        "id": 15,
        "order": 49,
        "prevSize": 28,
        "code": 61568
      },
      "setIdx": 2,
      "setId": 8,
      "iconIdx": 15
    },
    {
      "icon": {
        "paths": [
          "M475.429 292.571c0-60.571-49.143-109.714-109.714-109.714s-109.714 49.143-109.714 109.714c0 16.571 4 32.571 10.857 47.429-14.857-6.857-30.857-10.857-47.429-10.857-60.571 0-109.714 49.143-109.714 109.714s49.143 109.714 109.714 109.714 109.714-49.143 109.714-109.714c0-16.571-4-32.571-10.857-47.429 14.857 6.857 30.857 10.857 47.429 10.857 60.571 0 109.714-49.143 109.714-109.714zM961.714 694.857c0 13.143-52.571 65.714-65.714 65.714-14.857 0-61.143-53.714-73.143-65.714l-54.857 54.857 125.714 125.714c10.286 10.286 16 24.571 16 38.857 0 32-36.571 68.571-68.571 68.571-14.286 0-28.571-5.714-38.857-16l-383.429-383.429c-60 44.571-133.143 74.857-208.571 74.857-124.571 0-210.286-86.286-210.286-210.286 0-187.429 187.429-374.857 374.857-374.857 124 0 210.286 85.714 210.286 210.286 0 75.429-30.286 148.571-74.857 208.571l202.857 202.857 54.857-54.857c-12-12-65.714-58.286-65.714-73.143 0-13.143 52.571-65.714 65.714-65.714 4.571 0 9.714 2.286 13.143 5.714 21.143 21.143 180.571 171.429 180.571 188z"
        ],
        "width": 961.6822857142856,
        "attrs": [],
        "isMulticolor": false,
        "isMulticolor2": false,
        "tags": [
          "key"
        ],
        "defaultCode": 61572,
        "grid": 14
      },
      "attrs": [],
      "properties": {
        "name": "key",
        "id": 16,
        "order": 36,
        "prevSize": 28,
        "code": 61572
      },
      "setIdx": 2,
      "setId": 8,
      "iconIdx": 16
    },
    {
      "icon": {
        "paths": [
          "M512 512c0-80.571-65.714-146.286-146.286-146.286s-146.286 65.714-146.286 146.286 65.714 146.286 146.286 146.286 146.286-65.714 146.286-146.286zM950.857 804.571c0-40-33.143-73.143-73.143-73.143s-73.143 33.143-73.143 73.143c0 40.571 33.143 73.143 73.143 73.143 40.571 0 73.143-33.143 73.143-73.143zM950.857 219.429c0-40-33.143-73.143-73.143-73.143s-73.143 33.143-73.143 73.143c0 40.571 33.143 73.143 73.143 73.143 40.571 0 73.143-33.143 73.143-73.143zM731.429 460v105.714c0 7.429-5.714 16-13.143 17.143l-88.571 13.714c-4.571 14.857-10.857 29.143-18.286 43.429 16 22.857 33.143 44 51.429 65.714 2.286 3.429 4 6.857 4 11.429 0 4-1.143 8-4 10.857-11.429 15.429-75.429 85.143-92 85.143-4.571 0-8.571-1.714-12-4l-65.714-51.429c-14.286 7.429-28.571 13.143-44 17.714-2.857 29.143-5.714 60.571-13.143 88.571-2.286 8-9.143 13.714-17.143 13.714h-106.286c-8 0-16-6.286-17.143-14.286l-13.143-87.429c-14.857-4.571-29.143-10.857-42.857-17.714l-67.429 50.857c-2.857 2.857-7.429 4-11.429 4-4.571 0-8.571-1.714-12-4.571-14.857-13.714-82.286-74.857-82.286-91.429 0-4 1.714-7.429 4-10.857 16.571-21.714 33.714-42.857 50.286-65.143-8-15.429-14.857-30.857-20-46.857l-86.857-13.714c-8-1.143-13.714-8.571-13.714-16.571v-105.714c0-7.429 5.714-16 13.143-17.143l88.571-13.714c4.571-14.857 10.857-29.143 18.286-43.429-16-22.857-33.143-44-51.429-65.714-2.286-3.429-4-7.429-4-11.429s1.143-8 4-11.429c11.429-15.429 75.429-84.571 92-84.571 4.571 0 8.571 1.714 12 4l65.714 51.429c14.286-7.429 28.571-13.143 44-18.286 2.857-28.571 5.714-60 13.143-88 2.286-8 9.143-13.714 17.143-13.714h106.286c8 0 16 6.286 17.143 14.286l13.143 87.429c14.857 4.571 29.143 10.857 42.857 17.714l67.429-50.857c3.429-2.857 7.429-4 11.429-4 4.571 0 8.571 1.714 12 4.571 14.857 13.714 82.286 75.429 82.286 91.429 0 4-1.714 7.429-4 10.857-16.571 22.286-33.714 42.857-49.714 65.143 7.429 15.429 14.286 30.857 19.429 46.857l86.857 13.143c8 1.714 13.714 9.143 13.714 17.143zM1097.143 764.571v80c0 8.571-73.714 16.571-85.143 17.714-4.571 10.857-10.286 20.571-17.143 29.714 5.143 11.429 29.143 68.571 29.143 78.857 0 1.714-0.571 2.857-2.286 4-6.857 4-68 40.571-70.857 40.571-7.429 0-50.286-57.143-56-65.714-5.714 0.571-11.429 1.143-17.143 1.143s-11.429-0.571-17.143-1.143c-5.714 8.571-48.571 65.714-56 65.714-2.857 0-64-36.571-70.857-40.571-1.714-1.143-2.286-2.857-2.286-4 0-9.714 24-67.429 29.143-78.857-6.857-9.143-12.571-18.857-17.143-29.714-11.429-1.143-85.143-9.143-85.143-17.714v-80c0-8.571 73.714-16.571 85.143-17.714 4.571-10.286 10.286-20.571 17.143-29.714-5.143-11.429-29.143-69.143-29.143-78.857 0-1.143 0.571-2.857 2.286-4 6.857-3.429 68-40 70.857-40 7.429 0 50.286 56.571 56 65.143 5.714-0.571 11.429-1.143 17.143-1.143s11.429 0.571 17.143 1.143c16-22.286 33.143-44.571 52.571-64l3.429-1.143c2.857 0 64 36 70.857 40 1.714 1.143 2.286 2.857 2.286 4 0 10.286-24 67.429-29.143 78.857 6.857 9.143 12.571 19.429 17.143 29.714 11.429 1.143 85.143 9.143 85.143 17.714zM1097.143 179.429v80c0 8.571-73.714 16.571-85.143 17.714-4.571 10.857-10.286 20.571-17.143 29.714 5.143 11.429 29.143 68.571 29.143 78.857 0 1.714-0.571 2.857-2.286 4-6.857 4-68 40.571-70.857 40.571-7.429 0-50.286-57.143-56-65.714-5.714 0.571-11.429 1.143-17.143 1.143s-11.429-0.571-17.143-1.143c-5.714 8.571-48.571 65.714-56 65.714-2.857 0-64-36.571-70.857-40.571-1.714-1.143-2.286-2.857-2.286-4 0-9.714 24-67.429 29.143-78.857-6.857-9.143-12.571-18.857-17.143-29.714-11.429-1.143-85.143-9.143-85.143-17.714v-80c0-8.571 73.714-16.571 85.143-17.714 4.571-10.286 10.286-20.571 17.143-29.714-5.143-11.429-29.143-69.143-29.143-78.857 0-1.143 0.571-2.857 2.286-4 6.857-3.429 68-40 70.857-40 7.429 0 50.286 56.571 56 65.143 5.714-0.571 11.429-1.143 17.143-1.143s11.429 0.571 17.143 1.143c16-22.286 33.143-44.571 52.571-64l3.429-1.143c2.857 0 64 36 70.857 40 1.714 1.143 2.286 2.857 2.286 4 0 10.286-24 67.429-29.143 78.857 6.857 9.143 12.571 19.429 17.143 29.714 11.429 1.143 85.143 9.143 85.143 17.714z"
        ],
        "width": 1097.142857142857,
        "attrs": [],
        "isMulticolor": false,
        "isMulticolor2": false,
        "tags": [
          "cogs",
          "gears"
        ],
        "defaultCode": 61573,
        "grid": 14
      },
      "attrs": [],
      "properties": {
        "name": "cogs, gears",
        "id": 17,
        "order": 48,
        "prevSize": 28,
        "code": 61573
      },
      "setIdx": 2,
      "setId": 8,
      "iconIdx": 17
    },
    {
      "icon": {
        "paths": [
          "M475.429 18.286v765.143l-256.571 134.857c-7.429 4-14.857 6.857-22.857 6.857-16.571 0-24-13.714-24-28.571 0-4 0.571-7.429 1.143-11.429l49.143-285.714-208-202.286c-6.857-7.429-14.286-17.143-14.286-27.429 0-17.143 17.714-24 32-26.286l286.857-41.714 128.571-260c5.143-10.857 14.857-23.429 28-23.429v0z"
        ],
        "width": 475.4285714285714,
        "attrs": [],
        "isMulticolor": false,
        "isMulticolor2": false,
        "tags": [
          "star-half"
        ],
        "defaultCode": 61577,
        "grid": 14
      },
      "attrs": [],
      "properties": {
        "name": "star-half",
        "id": 18,
        "order": 50,
        "prevSize": 28,
        "code": 61577
      },
      "setIdx": 2,
      "setId": 8,
      "iconIdx": 18
    },
    {
      "icon": {
        "paths": [
          "M261.714 504.571c-24-52.571-42.286-122.286-42.286-212h-146.286v54.857c0 56 76 133.714 188.571 157.143zM877.714 347.429v-54.857h-146.286c0 89.714-18.286 159.429-42.286 212 112.571-23.429 188.571-101.143 188.571-157.143zM950.857 274.286v73.143c0 108.571-131.429 228.571-309.714 237.143-22.857 29.143-44 46.286-54.286 54.286-30.286 27.429-38.286 56-38.286 92.571s18.286 73.143 73.143 73.143 109.714 36.571 109.714 91.429v36.571c0 10.286-8 18.286-18.286 18.286h-475.429c-10.286 0-18.286-8-18.286-18.286v-36.571c0-54.857 54.857-91.429 109.714-91.429s73.143-36.571 73.143-73.143-8-65.143-38.286-92.571c-10.286-8-31.429-25.143-54.286-54.286-178.286-8.571-309.714-128.571-309.714-237.143v-73.143c0-30.286 24.571-54.857 54.857-54.857h164.571v-54.857c0-50.286 41.143-91.429 91.429-91.429h329.143c50.286 0 91.429 41.143 91.429 91.429v54.857h164.571c30.286 0 54.857 24.571 54.857 54.857z"
        ],
        "width": 950.8571428571428,
        "attrs": [],
        "isMulticolor": false,
        "isMulticolor2": false,
        "tags": [
          "trophy"
        ],
        "defaultCode": 61585,
        "grid": 14
      },
      "attrs": [],
      "properties": {
        "name": "trophy",
        "id": 19,
        "order": 23,
        "prevSize": 28,
        "code": 61585
      },
      "setIdx": 2,
      "setId": 8,
      "iconIdx": 19
    },
    {
      "icon": {
        "paths": [
          "M658.286 146.286h-585.143v709.714l292.571-280.571 50.857 48.571 241.714 232v-709.714zM665.143 73.143c8.571 0 17.143 1.714 25.143 5.143 25.143 9.714 41.143 33.143 41.143 58.857v736.571c0 25.714-16 49.143-41.143 58.857-8 3.429-16.571 4.571-25.143 4.571-17.714 0-34.286-6.286-47.429-18.286l-252-242.286-252 242.286c-13.143 12-29.714 18.857-47.429 18.857-8.571 0-17.143-1.714-25.143-5.143-25.143-9.714-41.143-33.143-41.143-58.857v-736.571c0-25.714 16-49.143 41.143-58.857 8-3.429 16.571-5.143 25.143-5.143h598.857z"
        ],
        "width": 731.4285714285713,
        "attrs": [],
        "isMulticolor": false,
        "isMulticolor2": false,
        "tags": [
          "bookmark-o"
        ],
        "defaultCode": 61591,
        "grid": 14
      },
      "attrs": [],
      "properties": {
        "name": "bookmark-o",
        "id": 20,
        "order": 37,
        "prevSize": 28,
        "code": 61591
      },
      "setIdx": 2,
      "setId": 8,
      "iconIdx": 20
    },
    {
      "icon": {
        "paths": [
          "M505.714 323.429c6.286 6.857 8 16.571 4 25.143l-308.571 661.143c-4.571 8.571-13.714 14.286-24 14.286-2.286 0-5.143-0.571-8-1.143-12.571-4-20-16-17.143-28l112.571-461.714-232 57.714c-2.286 0.571-4.571 0.571-6.857 0.571-6.286 0-13.143-2.286-17.714-6.286-6.857-5.714-9.143-14.286-7.429-22.286l114.857-471.429c2.857-10.857 13.143-18.286 25.143-18.286h187.429c14.286 0 25.714 10.857 25.714 24 0 3.429-1.143 6.857-2.857 10.286l-97.714 264.571 226.286-56c2.286-0.571 4.571-1.143 6.857-1.143 7.429 0 14.286 3.429 19.429 8.571z"
        ],
        "width": 512.5851428571428,
        "attrs": [],
        "isMulticolor": false,
        "isMulticolor2": false,
        "tags": [
          "bolt",
          "flash"
        ],
        "defaultCode": 61671,
        "grid": 14
      },
      "attrs": [],
      "properties": {
        "name": "bolt, flash",
        "id": 21,
        "order": 51,
        "prevSize": 28,
        "code": 61671
      },
      "setIdx": 2,
      "setId": 8,
      "iconIdx": 21
    },
    {
      "icon": {
        "paths": [
          "M420.571 329.143c0 9.714-8.571 18.286-18.286 18.286s-18.286-8.571-18.286-18.286c0-39.429-61.143-54.857-91.429-54.857-9.714 0-18.286-8.571-18.286-18.286s8.571-18.286 18.286-18.286c53.143 0 128 28 128 91.429zM512 329.143c0-114.286-116-182.857-219.429-182.857s-219.429 68.571-219.429 182.857c0 36.571 14.857 74.857 38.857 102.857 10.857 12.571 23.429 24.571 34.857 37.714 40.571 48.571 74.857 105.714 80.571 170.286h130.286c5.714-64.571 40-121.714 80.571-170.286 11.429-13.143 24-25.143 34.857-37.714 24-28 38.857-66.286 38.857-102.857zM585.143 329.143c0 58.857-19.429 109.714-58.857 153.143s-91.429 104.571-96 165.714c16.571 9.714 26.857 28 26.857 46.857 0 13.714-5.143 26.857-14.286 36.571 9.143 9.714 14.286 22.857 14.286 36.571 0 18.857-9.714 36-25.714 46.286 4.571 8 7.429 17.714 7.429 26.857 0 37.143-29.143 54.857-62.286 54.857-14.857 33.143-48 54.857-84 54.857s-69.143-21.714-84-54.857c-33.143 0-62.286-17.714-62.286-54.857 0-9.143 2.857-18.857 7.429-26.857-16-10.286-25.714-27.429-25.714-46.286 0-13.714 5.143-26.857 14.286-36.571-9.143-9.714-14.286-22.857-14.286-36.571 0-18.857 10.286-37.143 26.857-46.857-4.571-61.143-56.571-122.286-96-165.714s-58.857-94.286-58.857-153.143c0-155.429 148-256 292.571-256s292.571 100.571 292.571 256z"
        ],
        "width": 585.1428571428571,
        "attrs": [],
        "isMulticolor": false,
        "isMulticolor2": false,
        "tags": [
          "lightbulb-o"
        ],
        "defaultCode": 61675,
        "grid": 14
      },
      "attrs": [],
      "properties": {
        "name": "lightbulb-o",
        "id": 22,
        "order": 27,
        "prevSize": 28,
        "code": 61675
      },
      "setIdx": 2,
      "setId": 8,
      "iconIdx": 22
    },
    {
      "icon": {
        "paths": [
          "M365.714 804.571c0-40.571-32.571-73.143-73.143-73.143s-73.143 32.571-73.143 73.143 32.571 73.143 73.143 73.143 73.143-32.571 73.143-73.143zM146.286 512h219.429v-146.286h-90.286c-3.429 0.571-9.714 2.857-12.571 5.143l-111.429 111.429c-1.714 2.857-4.571 9.143-5.143 12.571v17.143zM877.714 804.571c0-40.571-32.571-73.143-73.143-73.143s-73.143 32.571-73.143 73.143 32.571 73.143 73.143 73.143 73.143-32.571 73.143-73.143zM950.857 420.571v-109.714c0-10.286-8-18.286-18.286-18.286h-128v-128c0-10.286-8-18.286-18.286-18.286h-109.714c-10.286 0-18.286 8-18.286 18.286v128h-128c-10.286 0-18.286 8-18.286 18.286v109.714c0 10.286 8 18.286 18.286 18.286h128v128c0 10.286 8 18.286 18.286 18.286h109.714c10.286 0 18.286-8 18.286-18.286v-128h128c10.286 0 18.286-8 18.286-18.286zM1097.143 109.714v658.286c0 20-16.571 36.571-36.571 36.571h-109.714c0 80.571-65.143 146.286-146.286 146.286-80.571 0-146.286-65.714-146.286-146.286h-219.429c0 80.571-65.143 146.286-146.286 146.286s-146.286-65.714-146.286-146.286h-73.143c-20 0-36.571-16.571-36.571-36.571s16.571-36.571 36.571-36.571v-237.714c0-20 11.429-48 25.714-62.286l113.143-113.143c14.286-14.286 42.286-25.714 62.286-25.714h91.429v-182.857c0-20 16.571-36.571 36.571-36.571h658.286c20 0 36.571 16.571 36.571 36.571z"
        ],
        "width": 1133.7142857142856,
        "attrs": [],
        "isMulticolor": false,
        "isMulticolor2": false,
        "tags": [
          "ambulance"
        ],
        "defaultCode": 61689,
        "grid": 14
      },
      "attrs": [],
      "properties": {
        "name": "ambulance",
        "id": 23,
        "order": 31,
        "prevSize": 28,
        "code": 61689
      },
      "setIdx": 2,
      "setId": 8,
      "iconIdx": 23
    },
    {
      "icon": {
        "paths": [
          "M300.571 796.571c0 40-32.571 73.143-73.143 73.143-40 0-73.143-33.143-73.143-73.143 0-40.571 33.143-73.143 73.143-73.143 40.571 0 73.143 32.571 73.143 73.143zM585.143 914.286c0 40.571-32.571 73.143-73.143 73.143s-73.143-32.571-73.143-73.143 32.571-73.143 73.143-73.143 73.143 32.571 73.143 73.143zM182.857 512c0 40.571-32.571 73.143-73.143 73.143s-73.143-32.571-73.143-73.143 32.571-73.143 73.143-73.143 73.143 32.571 73.143 73.143zM869.714 796.571c0 40-33.143 73.143-73.143 73.143-40.571 0-73.143-33.143-73.143-73.143 0-40.571 32.571-73.143 73.143-73.143 40 0 73.143 32.571 73.143 73.143zM318.857 227.429c0 50.286-41.143 91.429-91.429 91.429s-91.429-41.143-91.429-91.429 41.143-91.429 91.429-91.429 91.429 41.143 91.429 91.429zM987.429 512c0 40.571-32.571 73.143-73.143 73.143s-73.143-32.571-73.143-73.143 32.571-73.143 73.143-73.143 73.143 32.571 73.143 73.143zM621.714 109.714c0 60.571-49.143 109.714-109.714 109.714s-109.714-49.143-109.714-109.714 49.143-109.714 109.714-109.714 109.714 49.143 109.714 109.714zM924.571 227.429c0 70.857-57.714 128-128 128-70.857 0-128-57.143-128-128 0-70.286 57.143-128 128-128 70.286 0 128 57.714 128 128z"
        ],
        "width": 1024,
        "attrs": [],
        "isMulticolor": false,
        "isMulticolor2": false,
        "tags": [
          "spinner"
        ],
        "defaultCode": 61712,
        "grid": 14
      },
      "attrs": [],
      "properties": {
        "name": "spinner",
        "id": 24,
        "order": 28,
        "prevSize": 28,
        "code": 61712
      },
      "setIdx": 2,
      "setId": 8,
      "iconIdx": 24
    },
    {
      "icon": {
        "paths": [
          "M950.857 627.429c0 58.857-33.714 108-96 108-69.714 0-88-63.429-150.857-63.429-45.714 0-62.857 28.571-62.857 70.857 0 44.571 18.286 87.429 17.714 131.429v2.857c-6.286 0-12.571 0-18.857 0.571-58.857 5.714-118.286 17.143-177.714 17.143-40.571 0-82.857-16-82.857-62.857 0-62.857 63.429-81.143 63.429-150.857 0-62.286-49.143-96-108-96-60 0-115.429 33.143-115.429 98.857 0 72.571 55.429 104 55.429 143.429 0 20-12.571 37.714-26.286 50.857-17.714 16.571-42.857 20-66.857 20-46.857 0-93.714-6.286-140-13.714-10.286-1.714-21.143-2.857-31.429-4.571l-7.429-1.143c-1.143-0.571-2.857-0.571-2.857-1.143v-585.143c2.286 1.714 36 5.714 41.714 6.857 46.286 7.429 93.143 13.714 140 13.714 24 0 49.143-3.429 66.857-20 13.714-13.143 26.286-30.857 26.286-50.857 0-39.429-55.429-70.857-55.429-143.429 0-65.714 55.429-98.857 116-98.857 58.286 0 107.429 33.714 107.429 96 0 69.714-63.429 88-63.429 150.857 0 46.857 42.286 62.857 82.857 62.857 65.714 0 130.857-14.857 196-18.286v1.143c-1.714 2.286-5.714 36-6.857 41.714-7.429 46.286-13.714 93.143-13.714 140 0 24 3.429 49.143 20 66.857 13.143 13.714 30.857 26.286 50.857 26.286 39.429 0 70.857-55.429 143.429-55.429 65.714 0 98.857 55.429 98.857 115.429z"
        ],
        "width": 950.8571428571428,
        "attrs": [],
        "isMulticolor": false,
        "isMulticolor2": false,
        "tags": [
          "puzzle-piece"
        ],
        "defaultCode": 61742,
        "grid": 14
      },
      "attrs": [],
      "properties": {
        "name": "puzzle-piece",
        "id": 25,
        "order": 38,
        "prevSize": 28,
        "code": 61742
      },
      "setIdx": 2,
      "setId": 8,
      "iconIdx": 25
    },
    {
      "icon": {
        "paths": [
          "M292.571 109.714c0-20-16.571-36.571-36.571-36.571s-36.571 16.571-36.571 36.571 16.571 36.571 36.571 36.571 36.571-16.571 36.571-36.571zM804.571 91.429v182.857c0 5.714-2.286 10.857-6.857 14.286-3.429 2.857-7.429 4-11.429 4-1.143 0-2.286 0-4-0.571l-256-54.857c-8-1.714-14.286-9.143-14.286-17.714h-146.286v58.286c83.429 17.143 146.286 90.857 146.286 179.429v457.143c0 20-16.571 36.571-36.571 36.571h-292.571c-20 0-36.571-16.571-36.571-36.571v-457.143c0-81.714 53.714-151.429 128-174.286v-63.429h-18.286c-121.143 0-186.286 125.143-186.857 126.286-6.286 12.571-19.429 20-32.571 20-5.714 0-11.429-1.143-16.571-4-17.714-9.143-25.143-30.857-16-49.143 2.857-5.714 60-116.571 174.857-153.714-8.571-14.286-14.286-30.857-14.286-49.143 0-50.286 41.143-91.429 91.429-91.429s91.429 41.143 91.429 91.429c0 13.143-2.857 25.143-8 36.571h172.571c0-8.571 6.286-16 14.286-17.714l256-54.857c1.714-0.571 2.857-0.571 4-0.571 4 0 8 1.143 11.429 4 4.571 3.429 6.857 8.571 6.857 14.286z"
        ],
        "width": 799.4514285714286,
        "attrs": [],
        "isMulticolor": false,
        "isMulticolor2": false,
        "tags": [
          "fire-extinguisher"
        ],
        "defaultCode": 61748,
        "grid": 14
      },
      "attrs": [],
      "properties": {
        "name": "fire-extinguisher",
        "id": 26,
        "order": 24,
        "prevSize": 28,
        "code": 61748
      },
      "setIdx": 2,
      "setId": 8,
      "iconIdx": 26
    },
    {
      "icon": {
        "paths": [
          "M822.857 256c0-30.286-24.571-54.857-54.857-54.857s-54.857 24.571-54.857 54.857 24.571 54.857 54.857 54.857 54.857-24.571 54.857-54.857zM950.857 91.429c0 189.714-52.571 316-188 452-33.143 32.571-70.857 66.286-111.429 100.571l-11.429 216.571c-0.571 5.714-4 11.429-9.143 14.857l-219.429 128c-2.857 1.714-5.714 2.286-9.143 2.286-4.571 0-9.143-1.714-13.143-5.143l-36.571-36.571c-4.571-5.143-6.286-12-4.571-18.286l48.571-157.714-160.571-160.571-157.714 48.571c-1.714 0.571-3.429 0.571-5.143 0.571-4.571 0-9.714-1.714-13.143-5.143l-36.571-36.571c-5.714-6.286-6.857-15.429-2.857-22.286l128-219.429c3.429-5.143 9.143-8.571 14.857-9.143l216.571-11.429c34.286-40.571 68-78.286 100.571-111.429 142.857-142.286 252-188 450.857-188 10.286 0 19.429 8 19.429 18.286z"
        ],
        "width": 967.4605714285714,
        "attrs": [],
        "isMulticolor": false,
        "isMulticolor2": false,
        "tags": [
          "rocket"
        ],
        "defaultCode": 61749,
        "grid": 14
      },
      "attrs": [],
      "properties": {
        "name": "rocket",
        "id": 27,
        "order": 39,
        "prevSize": 28,
        "code": 61749
      },
      "setIdx": 2,
      "setId": 8,
      "iconIdx": 27
    },
    {
      "icon": {
        "paths": [
          "M548.571 146.286c0-20-16.571-36.571-36.571-36.571s-36.571 16.571-36.571 36.571 16.571 36.571 36.571 36.571 36.571-16.571 36.571-36.571zM1024 676.571v201.143c0 7.429-4.571 14.286-11.429 17.143-2.286 0.571-4.571 1.143-6.857 1.143-4.571 0-9.143-1.714-13.143-5.143l-53.143-53.143c-89.714 108-250.857 177.143-427.429 177.143s-337.714-69.143-427.429-177.143l-53.143 53.143c-3.429 3.429-8.571 5.143-13.143 5.143-2.286 0-4.571-0.571-6.857-1.143-6.857-2.857-11.429-9.714-11.429-17.143v-201.143c0-10.286 8-18.286 18.286-18.286h201.143c7.429 0 14.286 4.571 17.143 11.429s1.143 14.286-4 20l-57.143 57.143c51.429 69.143 150.286 119.429 263.429 134.857v-369.714h-109.714c-20 0-36.571-16.571-36.571-36.571v-73.143c0-20 16.571-36.571 36.571-36.571h109.714v-93.143c-43.429-25.143-73.143-72-73.143-126.286 0-80.571 65.714-146.286 146.286-146.286s146.286 65.714 146.286 146.286c0 54.286-29.714 101.143-73.143 126.286v93.143h109.714c20 0 36.571 16.571 36.571 36.571v73.143c0 20-16.571 36.571-36.571 36.571h-109.714v369.714c113.143-15.429 212-65.714 263.429-134.857l-57.143-57.143c-5.143-5.714-6.857-13.143-4-20s9.714-11.429 17.143-11.429h201.143c10.286 0 18.286 8 18.286 18.286z"
        ],
        "width": 1024,
        "attrs": [],
        "isMulticolor": false,
        "isMulticolor2": false,
        "tags": [
          "anchor"
        ],
        "defaultCode": 61757,
        "grid": 14
      },
      "attrs": [],
      "properties": {
        "name": "anchor",
        "id": 28,
        "order": 52,
        "prevSize": 28,
        "code": 61757
      },
      "setIdx": 2,
      "setId": 8,
      "iconIdx": 28
    },
    {
      "icon": {
        "paths": [
          "M391.429 742.286l350.857-350.857c14.286-14.286 14.286-37.143 0-51.429l-58.286-58.286c-14.286-14.286-37.143-14.286-51.429 0l-266.857 266.857-120.571-120.571c-14.286-14.286-37.143-14.286-51.429 0l-58.286 58.286c-14.286 14.286-14.286 37.143 0 51.429l204.571 204.571c14.286 14.286 37.143 14.286 51.429 0zM877.714 237.714v548.571c0 90.857-73.714 164.571-164.571 164.571h-548.571c-90.857 0-164.571-73.714-164.571-164.571v-548.571c0-90.857 73.714-164.571 164.571-164.571h548.571c90.857 0 164.571 73.714 164.571 164.571z"
        ],
        "width": 877.7142857142857,
        "attrs": [],
        "isMulticolor": false,
        "isMulticolor2": false,
        "tags": [
          "check-square"
        ],
        "defaultCode": 61770,
        "grid": 14
      },
      "attrs": [],
      "properties": {
        "name": "check-square",
        "id": 29,
        "order": 40,
        "prevSize": 28,
        "code": 61770
      },
      "setIdx": 2,
      "setId": 8,
      "iconIdx": 29
    },
    {
      "icon": {
        "paths": [
          "M558.857 677.143c0 116.571-83.429 208.571-204.571 228.571v100c0 10.286-8 18.286-18.286 18.286h-77.143c-9.714 0-18.286-8-18.286-18.286v-100c-133.714-18.857-206.857-98.857-209.714-102.286-5.714-6.857-6.286-16.571-1.143-23.429l58.857-77.143c2.857-4 8-6.286 13.143-6.857s10.286 1.143 13.714 5.143c1.143 0.571 81.143 77.143 182.286 77.143 56 0 116.571-29.714 116.571-94.286 0-54.857-67.429-81.714-144.571-112.571-102.857-40.571-230.857-92-230.857-235.429 0-105.143 82.286-192 201.714-214.857v-102.857c0-10.286 8.571-18.286 18.286-18.286h77.143c10.286 0 18.286 8 18.286 18.286v100.571c116 13.143 177.714 76 180 78.286 5.714 6.286 6.857 14.857 2.857 21.714l-46.286 83.429c-2.857 5.143-7.429 8.571-13.143 9.143-5.714 1.143-10.857-0.571-15.429-4-0.571-0.571-69.714-61.714-155.429-61.714-72.571 0-122.857 36-122.857 88 0 60.571 69.714 87.429 150.857 118.857 105.143 40.571 224 86.857 224 224.571z"
        ],
        "width": 583.4605714285714,
        "attrs": [],
        "isMulticolor": false,
        "isMulticolor2": false,
        "tags": [
          "dollar",
          "usd"
        ],
        "defaultCode": 61781,
        "grid": 14
      },
      "attrs": [],
      "properties": {
        "name": "dollar, usd",
        "id": 30,
        "order": 41,
        "prevSize": 28,
        "code": 61781
      },
      "setIdx": 2,
      "setId": 8,
      "iconIdx": 30
    },
    {
      "icon": {
        "paths": [
          "M146.286 768c0-20-16.571-36.571-36.571-36.571-20.571 0-36.571 16.571-36.571 36.571 0 20.571 16 36.571 36.571 36.571 20 0 36.571-16 36.571-36.571zM237.714 475.429v365.714c0 20-16.571 36.571-36.571 36.571h-164.571c-20 0-36.571-16.571-36.571-36.571v-365.714c0-20 16.571-36.571 36.571-36.571h164.571c20 0 36.571 16.571 36.571 36.571zM914.286 475.429c0 30.286-12 62.857-31.429 85.143 6.286 18.286 8.571 35.429 8.571 43.429 1.143 28.571-7.429 55.429-24.571 78.286 6.286 21.143 6.286 44 0 66.857-5.714 21.143-16.571 40-30.857 53.714 3.429 42.857-6.286 77.714-28 103.429-24.571 29.143-62.286 44-112.571 44.571h-73.714c-81.714 0-158.857-26.857-220.571-48-36-12.571-70.286-24.571-90.286-25.143-19.429-0.571-36.571-16.571-36.571-36.571v-366.286c0-18.857 16-34.857 34.857-36.571 21.143-1.714 76-69.714 101.143-102.857 20.571-26.286 40-50.857 57.714-68.571 22.286-22.286 28.571-56.571 35.429-89.714 6.286-33.714 13.143-69.143 37.714-93.143 6.857-6.857 16-10.857 25.714-10.857 128 0 128 102.286 128 146.286 0 46.857-16.571 80-32 109.714-6.286 12.571-12 18.286-16.571 36.571h158.286c59.429 0 109.714 50.286 109.714 109.714z"
        ],
        "width": 914.2857142857142,
        "attrs": [],
        "isMulticolor": false,
        "isMulticolor2": false,
        "tags": [
          "thumbs-up"
        ],
        "defaultCode": 61796,
        "grid": 14
      },
      "attrs": [],
      "properties": {
        "name": "thumbs-up",
        "id": 31,
        "order": 29,
        "prevSize": 28,
        "code": 61796
      },
      "setIdx": 2,
      "setId": 8,
      "iconIdx": 31
    },
    {
      "icon": {
        "paths": [
          "M146.286 329.143c0 20-16.571 36.571-36.571 36.571-20.571 0-36.571-16.571-36.571-36.571 0-20.571 16-36.571 36.571-36.571 20 0 36.571 16 36.571 36.571zM237.714 621.714v-365.714c0-20-16.571-36.571-36.571-36.571h-164.571c-20 0-36.571 16.571-36.571 36.571v365.714c0 20 16.571 36.571 36.571 36.571h164.571c20 0 36.571-16.571 36.571-36.571zM882.857 536.571c19.429 21.714 31.429 54.857 31.429 85.143-0.571 59.429-50.286 109.714-109.714 109.714h-158.286c4.571 18.286 10.286 24 16.571 36.571 14.857 29.714 32 62.857 32 109.714 0 44 0 146.286-128 146.286-9.714 0-18.857-4-25.714-10.857-24.571-24-31.429-59.429-37.714-93.143-6.857-33.143-13.143-67.429-35.429-89.714-17.714-17.714-37.143-42.286-57.714-68.571-25.143-33.143-80-101.143-101.143-102.857-18.857-1.714-34.857-17.714-34.857-36.571v-366.286c0-20 17.143-36 36.571-36.571 20-0.571 54.286-12.571 90.286-25.143 61.714-21.143 138.857-48 220.571-48h73.714c50.286 0.571 88 15.429 112.571 44.571 21.714 25.714 31.429 60.571 28 103.429 14.286 13.714 25.143 32.571 30.857 53.714 6.286 22.857 6.286 45.714 0 66.857 17.143 22.857 25.714 49.714 24.571 78.286 0 8-2.286 25.143-8.571 43.429z"
        ],
        "width": 914.2857142857142,
        "attrs": [],
        "isMulticolor": false,
        "isMulticolor2": false,
        "tags": [
          "thumbs-down"
        ],
        "defaultCode": 61797,
        "grid": 14
      },
      "attrs": [],
      "properties": {
        "name": "thumbs-down",
        "id": 32,
        "order": 30,
        "prevSize": 28,
        "code": 61797
      },
      "setIdx": 2,
      "setId": 8,
      "iconIdx": 32
    },
    {
      "icon": {
        "paths": [
          "M1013.714 477.714l10.286 180.571c4.571 80.571-164 146.286-365.714 146.286s-370.286-65.714-365.714-146.286l10.286-180.571 328 103.429c9.143 2.857 18.286 4 27.429 4s18.286-1.143 27.429-4zM1316.571 292.571c0 8-5.143 14.857-12.571 17.714l-640 201.143c-2.286 0.571-4 0.571-5.714 0.571s-3.429 0-5.714-0.571l-372.571-117.714c-32.571 25.714-55.429 88.571-60 165.714 21.714 12.571 36 35.429 36 62.286 0 25.714-13.143 48-33.143 61.143l33.143 247.429c0.571 5.143-1.143 10.286-4.571 14.286s-8.571 6.286-13.714 6.286h-109.714c-5.143 0-10.286-2.286-13.714-6.286s-5.143-9.143-4.571-14.286l33.143-247.429c-20-13.143-33.143-35.429-33.143-61.143 0-27.429 15.429-50.857 37.143-63.429 3.429-66.857 20.571-138.857 56-188.571l-190.286-59.429c-7.429-2.857-12.571-9.714-12.571-17.714s5.143-14.857 12.571-17.714l640-201.143c2.286-0.571 4-0.571 5.714-0.571s3.429 0 5.714 0.571l640 201.143c7.429 2.857 12.571 9.714 12.571 17.714z"
        ],
        "width": 1316.5714285714284,
        "attrs": [],
        "isMulticolor": false,
        "isMulticolor2": false,
        "tags": [
          "graduation-cap",
          "mortar-board"
        ],
        "defaultCode": 61853,
        "grid": 14
      },
      "attrs": [],
      "properties": {
        "name": "graduation-cap, mortar-board",
        "id": 33,
        "order": 42,
        "prevSize": 28,
        "code": 61853
      },
      "setIdx": 2,
      "setId": 8,
      "iconIdx": 33
    },
    {
      "icon": {
        "paths": [
          "M326.286 336.571c-7.429-18.857-28.571-27.429-47.429-20-82.286 33.143-148.571 99.429-181.714 181.714-7.429 18.857 1.143 40 20 47.429 4.571 1.714 9.143 2.857 13.714 2.857 14.857 0 28-8.571 34.286-22.857 25.714-64 77.143-115.429 141.143-141.143 18.857-8 28-29.143 20-48zM864.571 133.143l26.286 26.286-139.429 138.857 38.857 38.857c14.286 14.286 14.286 37.714 0 52l-36.571 36.571c32 57.714 50.857 124.571 50.857 196 0 222.286-180 402.286-402.286 402.286s-402.286-180-402.286-402.286 180-402.286 402.286-402.286c71.429 0 138.286 18.857 196 50.857l36.571-36.571c14.286-14.286 37.714-14.286 52 0l38.857 38.857zM869.143 101.143c-3.429 3.429-8 5.714-12.571 5.714-5.143 0-9.714-2.286-13.143-5.714l-52-51.429c-6.857-7.429-6.857-18.857 0-26.286 7.429-6.857 18.857-6.857 26.286 0l51.429 52c7.429 6.857 7.429 18.857 0 25.714zM1000.571 232.571c-4 3.429-8.571 5.143-13.143 5.143s-9.143-1.714-13.143-5.143l-51.429-52c-7.429-6.857-7.429-18.857 0-25.714 6.857-7.429 18.857-7.429 25.714 0l52 51.429c6.857 7.429 6.857 18.857 0 26.286zM1024 128c0 10.286-8 18.286-18.286 18.286h-54.857c-10.286 0-18.286-8-18.286-18.286s8-18.286 18.286-18.286h54.857c10.286 0 18.286 8 18.286 18.286zM914.286 18.286v54.857c0 10.286-8 18.286-18.286 18.286s-18.286-8-18.286-18.286v-54.857c0-10.286 8-18.286 18.286-18.286s18.286 8 18.286 18.286zM1000.571 49.714l-52 51.429c-3.429 3.429-8 5.714-12.571 5.714-5.143 0-9.714-2.286-13.143-5.714-7.429-6.857-7.429-18.857 0-25.714l51.429-52c7.429-6.857 18.857-6.857 26.286 0 6.857 7.429 6.857 18.857 0 26.286z"
        ],
        "width": 1024,
        "attrs": [],
        "isMulticolor": false,
        "isMulticolor2": false,
        "tags": [
          "bomb"
        ],
        "defaultCode": 61922,
        "grid": 14
      },
      "attrs": [],
      "properties": {
        "name": "bomb",
        "id": 34,
        "order": 13,
        "prevSize": 28,
        "code": 61922
      },
      "setIdx": 2,
      "setId": 8,
      "iconIdx": 34
    },
    {
      "icon": {
        "paths": [
          "M292.571 786.286v-402.286c0-10.286-8-18.286-18.286-18.286h-36.571c-10.286 0-18.286 8-18.286 18.286v402.286c0 10.286 8 18.286 18.286 18.286h36.571c10.286 0 18.286-8 18.286-18.286zM438.857 786.286v-402.286c0-10.286-8-18.286-18.286-18.286h-36.571c-10.286 0-18.286 8-18.286 18.286v402.286c0 10.286 8 18.286 18.286 18.286h36.571c10.286 0 18.286-8 18.286-18.286zM585.143 786.286v-402.286c0-10.286-8-18.286-18.286-18.286h-36.571c-10.286 0-18.286 8-18.286 18.286v402.286c0 10.286 8 18.286 18.286 18.286h36.571c10.286 0 18.286-8 18.286-18.286zM274.286 219.429h256l-27.429-66.857c-1.714-2.286-6.857-5.714-9.714-6.286h-181.143c-3.429 0.571-8 4-9.714 6.286zM804.571 237.714v36.571c0 10.286-8 18.286-18.286 18.286h-54.857v541.714c0 62.857-41.143 116.571-91.429 116.571h-475.429c-50.286 0-91.429-51.429-91.429-114.286v-544h-54.857c-10.286 0-18.286-8-18.286-18.286v-36.571c0-10.286 8-18.286 18.286-18.286h176.571l40-95.429c11.429-28 45.714-50.857 76-50.857h182.857c30.286 0 64.571 22.857 76 50.857l40 95.429h176.571c10.286 0 18.286 8 18.286 18.286z"
        ],
        "width": 804.5714285714286,
        "attrs": [],
        "isMulticolor": false,
        "isMulticolor2": false,
        "tags": [
          "trash"
        ],
        "defaultCode": 61944,
        "grid": 14
      },
      "attrs": [],
      "properties": {
        "name": "trash",
        "id": 35,
        "order": 12,
        "prevSize": 28,
        "code": 61944
      },
      "setIdx": 2,
      "setId": 8,
      "iconIdx": 35
    },
    {
      "icon": {
        "paths": [
          "M1024 804.571v219.429h-1024v-219.429c56 0 85.714-25.143 109.143-45.143 19.429-17.143 32.571-28 61.714-28s41.714 10.857 61.714 28c23.429 20 52.571 45.143 109.143 45.143 56 0 85.143-25.143 109.143-45.143 19.429-17.143 32-28 61.143-28s42.286 10.857 61.714 28c23.429 20 53.143 45.143 109.143 45.143s85.714-25.143 109.143-45.143c19.429-17.143 32.571-28 61.714-28 28.571 0 41.714 10.857 61.143 28 23.429 20 53.143 45.143 109.143 45.143zM1024 621.714v109.714c-29.143 0-41.714-10.857-61.714-28-23.429-20-52.571-45.143-108.571-45.143-56.571 0-85.714 25.143-109.143 45.143-20 17.143-32.571 28-61.714 28s-42.286-10.857-61.714-28c-23.429-20-52.571-45.143-109.143-45.143-56 0-85.143 25.143-109.143 45.143-19.429 17.143-32 28-61.143 28s-42.286-10.857-61.714-28c-23.429-20-53.143-45.143-109.143-45.143-56.571 0-85.714 25.143-109.143 45.143-19.429 17.143-32.571 28-61.714 28v-109.714c0-60.571 49.143-109.714 109.714-109.714h36.571v-256h146.286v256h146.286v-256h146.286v256h146.286v-256h146.286v256h36.571c60.571 0 109.714 49.143 109.714 109.714zM292.571 128c0 60.571-32.571 91.429-73.143 91.429s-73.143-32.571-73.143-73.143c0-70.857 73.143-52.571 73.143-146.286 27.429 0 73.143 67.429 73.143 128zM585.143 128c0 60.571-32.571 91.429-73.143 91.429s-73.143-32.571-73.143-73.143c0-70.857 73.143-52.571 73.143-146.286 27.429 0 73.143 67.429 73.143 128zM877.714 128c0 60.571-32.571 91.429-73.143 91.429s-73.143-32.571-73.143-73.143c0-70.857 73.143-52.571 73.143-146.286 27.429 0 73.143 67.429 73.143 128z"
        ],
        "width": 1024,
        "attrs": [],
        "isMulticolor": false,
        "isMulticolor2": false,
        "tags": [
          "birthday-cake"
        ],
        "defaultCode": 61949,
        "grid": 14
      },
      "attrs": [],
      "properties": {
        "name": "birthday-cake",
        "id": 36,
        "order": 15,
        "prevSize": 28,
        "code": 61949
      },
      "setIdx": 2,
      "setId": 8,
      "iconIdx": 36
    },
    {
      "icon": {
        "paths": [
          "M1170.286 877.714v73.143h-1170.286v-877.714h73.143v804.571h1097.143zM950.857 292.571l146.286 512h-950.857v-329.143l256-329.143 329.143 329.143z"
        ],
        "width": 1170.2857142857142,
        "attrs": [],
        "isMulticolor": false,
        "isMulticolor2": false,
        "tags": [
          "area-chart"
        ],
        "defaultCode": 61950,
        "grid": 14
      },
      "attrs": [],
      "properties": {
        "name": "area-chart",
        "id": 37,
        "order": 43,
        "prevSize": 28,
        "code": 61950
      },
      "setIdx": 2,
      "setId": 8,
      "iconIdx": 37
    },
    {
      "icon": {
        "paths": [
          "M1170.286 877.714v73.143h-1170.286v-877.714h73.143v804.571h1097.143zM1097.143 164.571v248.571c0 16-19.429 24.571-31.429 12.571l-69.143-69.143-361.714 361.714c-7.429 7.429-18.857 7.429-26.286 0l-133.143-133.143-237.714 237.714-109.714-109.714 334.286-334.286c7.429-7.429 18.857-7.429 26.286 0l133.143 133.143 265.143-265.143-69.143-69.143c-12-12-3.429-31.429 12.571-31.429h248.571c10.286 0 18.286 8 18.286 18.286z"
        ],
        "width": 1170.2857142857142,
        "attrs": [],
        "isMulticolor": false,
        "isMulticolor2": false,
        "tags": [
          "line-chart"
        ],
        "defaultCode": 61953,
        "grid": 14
      },
      "attrs": [],
      "properties": {
        "name": "line-chart",
        "id": 38,
        "order": 14,
        "prevSize": 28,
        "code": 61953
      },
      "setIdx": 2,
      "setId": 8,
      "iconIdx": 38
    },
    {
      "icon": {
        "paths": [
          "M987.429 256l-219.429 402.286h438.857zM256 256l-219.429 402.286h438.857zM725.143 146.286c-10.857 30.857-36 56-66.857 66.857v737.714h347.429c10.286 0 18.286 8 18.286 18.286v36.571c0 10.286-8 18.286-18.286 18.286h-768c-10.286 0-18.286-8-18.286-18.286v-36.571c0-10.286 8-18.286 18.286-18.286h347.429v-737.714c-30.857-10.857-56-36-66.857-66.857h-280.571c-10.286 0-18.286-8-18.286-18.286v-36.571c0-10.286 8-18.286 18.286-18.286h280.571c15.429-42.857 55.429-73.143 103.429-73.143s88 30.286 103.429 73.143h280.571c10.286 0 18.286 8 18.286 18.286v36.571c0 10.286-8 18.286-18.286 18.286h-280.571zM621.714 155.429c25.143 0 45.714-20.571 45.714-45.714s-20.571-45.714-45.714-45.714-45.714 20.571-45.714 45.714 20.571 45.714 45.714 45.714zM1243.429 658.286c0 117.714-162.857 164.571-256 164.571s-256-46.857-256-164.571v0c0-22.286 199.429-375.429 224-420 6.286-11.429 18.857-18.857 32-18.857s25.714 7.429 32 18.857c24.571 44.571 224 397.714 224 420v0zM512 658.286c0 117.714-162.857 164.571-256 164.571s-256-46.857-256-164.571v0c0-22.286 199.429-375.429 224-420 6.286-11.429 18.857-18.857 32-18.857s25.714 7.429 32 18.857c24.571 44.571 224 397.714 224 420z"
        ],
        "width": 1243.4285714285713,
        "attrs": [],
        "isMulticolor": false,
        "isMulticolor2": false,
        "tags": [
          "balance-scale"
        ],
        "defaultCode": 62030,
        "grid": 14
      },
      "attrs": [],
      "properties": {
        "name": "balance-scale",
        "id": 39,
        "order": 25,
        "prevSize": 28,
        "code": 62030
      },
      "setIdx": 2,
      "setId": 8,
      "iconIdx": 39
    },
    {
      "icon": {
        "paths": [
          "M671.429 754.857l83.429-83.429c7.429-7.429 7.429-18.857 0-26.286l-133.143-133.143 133.143-133.143c7.429-7.429 7.429-18.857 0-26.286l-83.429-83.429c-7.429-7.429-18.857-7.429-26.286 0l-133.143 133.143-133.143-133.143c-7.429-7.429-18.857-7.429-26.286 0l-83.429 83.429c-7.429 7.429-7.429 18.857 0 26.286l133.143 133.143-133.143 133.143c-7.429 7.429-7.429 18.857 0 26.286l83.429 83.429c7.429 7.429 18.857 7.429 26.286 0l133.143-133.143 133.143 133.143c7.429 7.429 18.857 7.429 26.286 0zM1024 164.571v694.857c0 50.286-41.143 91.429-91.429 91.429h-841.143c-50.286 0-91.429-41.143-91.429-91.429v-694.857c0-50.286 41.143-91.429 91.429-91.429h841.143c50.286 0 91.429 41.143 91.429 91.429z"
        ],
        "width": 1024,
        "attrs": [],
        "isMulticolor": false,
        "isMulticolor2": false,
        "tags": [
          "times-rectangle",
          "window-close"
        ],
        "defaultCode": 62163,
        "grid": 14
      },
      "attrs": [],
      "properties": {
        "name": "times-rectangle, window-close",
        "id": 40,
        "order": 45,
        "prevSize": 28,
        "code": 62163
      },
      "setIdx": 2,
      "setId": 8,
      "iconIdx": 40
    },
    {
      "icon": {
        "paths": [
          "M718.286 634.857l-83.429 83.429c-7.429 7.429-18.857 7.429-26.286 0l-96.571-96.571-96.571 96.571c-7.429 7.429-18.857 7.429-26.286 0l-83.429-83.429c-7.429-7.429-7.429-18.857 0-26.286l96.571-96.571-96.571-96.571c-7.429-7.429-7.429-18.857 0-26.286l83.429-83.429c7.429-7.429 18.857-7.429 26.286 0l96.571 96.571 96.571-96.571c7.429-7.429 18.857-7.429 26.286 0l83.429 83.429c7.429 7.429 7.429 18.857 0 26.286l-96.571 96.571 96.571 96.571c7.429 7.429 7.429 18.857 0 26.286zM146.286 804.571h731.429v-585.143h-731.429v585.143zM1024 164.571v694.857c0 50.286-41.143 91.429-91.429 91.429h-841.143c-50.286 0-91.429-41.143-91.429-91.429v-694.857c0-50.286 41.143-91.429 91.429-91.429h841.143c50.286 0 91.429 41.143 91.429 91.429z"
        ],
        "width": 1024,
        "attrs": [],
        "isMulticolor": false,
        "isMulticolor2": false,
        "tags": [
          "times-rectangle-o",
          "window-close-o"
        ],
        "defaultCode": 62164,
        "grid": 14
      },
      "attrs": [],
      "properties": {
        "name": "times-rectangle-o, window-close-o",
        "id": 41,
        "order": 44,
        "prevSize": 28,
        "code": 62164
      },
      "setIdx": 2,
      "setId": 8,
      "iconIdx": 41
    },
    {
      "icon": {
        "paths": [
          "M438.857 365.714c0-80.571-65.714-146.286-146.286-146.286s-146.286 65.714-146.286 146.286 65.714 146.286 146.286 146.286 146.286-65.714 146.286-146.286zM585.143 365.714c0 34.857-4 70.857-18.857 102.286l-208 442.286c-12 25.143-38.286 40.571-65.714 40.571s-53.714-15.429-65.143-40.571l-208.571-442.286c-14.857-31.429-18.857-67.429-18.857-102.286 0-161.714 130.857-292.571 292.571-292.571s292.571 130.857 292.571 292.571z"
        ],
        "width": 585.1428571428571,
        "attrs": [],
        "isMulticolor": false,
        "isMulticolor2": false,
        "tags": [
          "map-marker"
        ],
        "defaultCode": 61505,
        "grid": 14
      },
      "attrs": [],
      "properties": {
        "name": "map-marker",
        "id": 65,
        "order": 57,
        "prevSize": 28,
        "code": 61505
      },
      "setIdx": 6,
      "setId": 4,
      "iconIdx": 65
    }
  ],
  "height": 1024,
  "metadata": {
    "name": "icomoon"
  },
  "preferences": {
    "showGlyphs": true,
    "showQuickUse": true,
    "showQuickUse2": true,
    "showSVGs": true,
    "fontPref": {
      "prefix": "icon-",
      "metadata": {
        "fontFamily": "icomoon"
      },
      "metrics": {
        "emSize": 1024,
        "baseline": 6.25,
        "whitespace": 50
      },
      "embed": false
    },
    "imagePref": {
      "prefix": "icon-",
      "png": true,
      "useClassSelector": true,
      "color": 0,
      "bgColor": 16777215,
      "classSelector": ".icon"
    },
    "historySize": 50,
    "showCodes": true,
    "gridSize": 16
  }
}